대학 글쓰기 1,College Writing 1
대학 글쓰기 2: 인문학글쓰기,College Writing 2: Writing in Humanities
대학 글쓰기 2: 사회과학글쓰기,College Writing 2: Writing in Social Sciences
대학 글쓰기 2: 과학기술글쓰기,College Writing 2: Writing in Science & Technology
말하기와 토론,Speech and Debate
창의적 사고와 표현,Critical Thinking and Expression
논리와 비판적 사고,Logic and Critical Thinking
초급한국어,Elementary Korean
중급한국어 1,Intermediate Korean 1
중급한국어 2,Intermediate Korean 2
고급한국어,Advanced Korean
초급한문 1,Elementary Classical Chinese 1
초급한문 2,Elementary Classical Chinese 2
중급한문,Intermediate Classical Chinese
한문명작읽기,Readings in Classical Chinese Masterpieces
역사와 철학 한문원전읽기,Selected Classical Chinese Readings in History and Philosophy by Chinese and Korean Writers
초급중국어 1,Elementary Chinese 1
초급중국어 2,Elementary Chinese 2
중급중국어 1,Intermediate Chinese 1
중급중국어 2,Intermediate Chinese 2
중국어회화 1,Chinese Conversation 1
중국어회화 2,Chinese Conversation 2
미디어중국어,Media Chinese
대학영어 1,College English 1
대학영어 2: 글쓰기,College English 2: Writing
대학영어 2: 말하기,College English 2: Speaking
고급영어: 산문,Advanced English: Prose
고급영어: 학술작문,Advanced English: Academic Writing
고급영어: 영화,Advanced English: Exploring Film
고급영어: 연극,Advanced English: Drama Workshop
고급영어: 문화와 사회,Advanced English: Culture and Society
고급영어: 발표,Advanced English: Presentation
고급영어: 문학,Advanced English: Literature
기초영어,English Foundations
초급프랑스어 1,Elementary French 1
초급프랑스어 2,Elementary French 2
중급프랑스어 1,Intermediate French 1
중급프랑스어 2,Intermediate French 2
프랑스어 글쓰기,French Composition
프랑스어 말하기,French Conversation
시사프랑스어,Current French
초급독일어 1,Elementary German 1
초급독일어 2,Elementary German 2
중급독일어 1,Intermediate German 1
중급독일어 2,Intermediate German 2
독일어 글쓰기,German Composition
독문강독,Readings in German Texts
시사독일어,Contemporary German
초급러시아어 1,Elementary Russian 1
초급러시아어 2,Elementary Russian 2
중급러시아어 1,Intermediate Russian 1
중급러시아어 2,Intermediate Russian 2
러시아어 말하기,Russian Conversation
러시아어로 읽는 문화와 예술,Readings in Russian Culture and Art
시사 러시아어,Russian through Mass Media
초급스페인어 1,Elementary Spanish 1
초급스페인어 2,Elementary Spanish 2
중급스페인어 1,Intermediate Spanish 1
중급스페인어 2,Intermediate Spanish 2
스페인어 글쓰기,Spanish Composition
스페인어 말하기,Spanish Conversation
시사스페인어,Current Spanish
포르투갈어입문 1,Introduction to Portuguese 1
포르투갈어입문 2,Introduction to Portuguese 2
이태리어 1,Italian 1
이태리어 2,Italian 2
스와힐리어 1,Swahili 1
스와힐리어 2,Swahili 2
몽골어 1,Mongolian 1
핀란드어 1,Finnish 1
핀란드어 2,Finnish 2
히브리어 1,Hebrew 1
산스크리트어 1,Sanskrit 1
산스크리트어 2,Sanskrit 2
고급일본어 1,Advanced Japanese 1
고급일본어 2,Advanced Japanese 2
아랍어 1,Arabic 1
아랍어 2,Arabic 2
힌디어 1,Hindi 1
힌디어 2,Hindi 2
말레이-인도네시아어 1,Malay-Indonesian 1
말레이-인도네시아어 2,Malay-Indonesian 2
터키어 1,Turkish 1
터키어 2,Turkish 2
베트남어 1,Vietnamese 1
베트남어 2,Vietnamese 2
고전그리스어 1,Classical Greek 1
고전그리스어 2,Classical Greek 2
라틴어 1,Latin 1
라틴어 2,Latin 2
수학 1,Calculus 1
수학연습 1,Calculus Practice 1
수학 2,Calculus 2
수학연습 2,Calculus Practice 2
고급수학 1,Honor Calculus 1
고급수학연습 1,Honor Calculus Practice 1
고급수학 2,Honor Calculus 2
고급수학연습 2,Honor Calculus Practice 2
미적분학 1,Differential and Integral Calculus 1
미적분학연습 1,Differential and Integral Calculus Practice 1
미적분학 2,Differential and Integral Calculus 2
미적분학연습 2,Differential and Integral Calculus Practice 2
생명과학을 위한 수학 1,Calculus for Life Science 1
생명과학을 위한 수학 2,Calculus for Life Science 2
경영학을 위한 수학,Calculus for Business
인문사회계를 위한 수학 1,Calculus for Humanities and Social Sciences 1
인문사회계를 위한 수학 2,Calculus for Humanities and Social Sciences 2
수학의 기초와 응용 1,Mathematics: The Basics and Applications 1
공학수학 1,Engineering Mathematics 1
공학수학 2,Engineering Mathematics 2
기초수학 1,Basic Calculus 1
기초수학 2,Basic Calculus 2
미적분학의 첫걸음,Elementary Calculus
통계학,Statistics
통계학실험,Statistics Lab.
통계학의 개념 및 실습,Statistics Concept and Lab.
생명과학을 위한 통계학,Biostatistics
생명과학을 위한 통계학실험,Biostatistics Lab.
물리학 1,Physics 1
물리학 2,Physics 2
고급물리학 1,Honor Physics 1
고급물리학 2,Honor Physics 2
물리의 기본 1,Foundation of Physics 1
물리의 기본 2,Foundation of Physics 2
물리학,Physics
인문사회계를 위한 물리학,Physics for Humanities and Social Sciences
물리학실험 1,Physics Lab.1
물리학실험 2,Physics Lab.2
물리학실험,Physics Lab.
기초물리학 1,Basic Physics 1
기초물리학 2,Basic Physics 2
천문학,Astronomy
천문학실험,Astronomy Lab.
화학 1,Chemistry 1
화학 2,Chemistry 2
화학,Chemistry
고급화학,Advanced Chemistry
화학실험 1,Chemistry Lab.1
화학실험 2,Chemistry Lab.2
화학실험,Chemistry Lab.
기초화학 1,Basic Chemistry 1
기초화학 2,Basic Chemistry 2
생물학 1,Biology 1
생물학 2,Biology 2
생물학,Biology
인문사회계를 위한 생물학,Biology for Humanities and Social Sciences
생물학실험 1,Biology Lab.1
생물학실험 2,Biology Lab.2
생물학실험,Biology Lab.
기초생물학 1,Basic Biology 1
기초생물학 2,Basic Biology 2
지구환경과학,Earth and Environmental Sciences
지구환경과학실험,Earth and Environmental Sciences Lab.
대기과학,Atmospheric Science
대기과학실험,Atmospheric Science Lab.
지구시스템과학,Earth System Science
지구시스템과학실험,Earth System Science Lab.
해양학,Oceanography
해양학실험,Oceanography Lab.
지구과학,Earth Science
지구과학실험,Earth Science Lab.
컴퓨터의 개념 및 실습,Digital Computer Concept and Practice
컴퓨터의 기초,Fundamentals of Computer System
과학 계산을 위한 컴퓨터 활용,Computer Application for Scientific Computation
인공지능 입문,Introduction to Artificial Intelligence
컴퓨팅 기초: 처음 만나는 컴퓨팅,Basic Computing: First Adventures in Computing
컴퓨팅 핵심: 컴퓨터로 생각하기,Core Computing: Thinking with Computers
컴퓨팅 응용: 기계학습 개념 및 실습,Application of Computing: Machine Learning Concept and Applications
컴퓨팅 응용: 자연어처리의 기초,Application of Computing: Basics of Natural Language Processing
컴퓨팅 응용: 데이터사이언스의 기초,Application of Computing: Basics of Data Science
한국인의 언어와 문화,Language and Culture of the Korean
한국문학과 세계문학,Korean Literature and World Literature
한국문학과 여행,Journeying in Korean Literature
한국 문학의 깊이와 상상력,The Depth and Imagination of Korean Literature
미디어 리터러시의 세계,Understanding Media Literacy
한국어 어휘와 표현,Korean Vocabulary Training
한국현대시 읽기,Reading Modern Korean Poetry
21세기 한국소설의 이해,Understanding 21st-Century Korean Fiction
한국문학과 문화예술,Arts and Culture in Korean Literature
한국의 한자와 한자어,Korean Usage of Chinese Characters
한글맞춤법의 이론과 실제,Theory and Practice of Hangul Orthography
동양의 고전,Introduction to Oriental Classics
중국인의 언어와 문화,Understanding Chinese Language and Culture
현대사회와 국제어,Modern Society and Global Language
서양근대문학의 이해,"Understanding Western Literature, 1500-1900"
문학과 정신분석,Literature and Psychoanalysis
문학으로 읽는 서양문명,Reading Western Civilizations through Literature
문학과 철학의 대화,Literature and Philosophy in Dialogue
영미 대중소설의 이해,Understanding British and American Popular Fiction
영시의 이해,Understanding English Poetry
세계문학과 영문학,World Literature and English Literature
프랑스명작의 이해,Understanding French Masterpieces
문학과 공연예술,Literature and Performing arts
문학 속 인간과 기계,Humans and Machines in Literature
말과 마음,Language in the Mind
문학과 사회,Literature and Society
여성과 문학,Women and Literature
독일명작의 이해,Understanding German Masterpieces
도스토예프스키와 톨스토이,Dostoevsky and Tolstoy
러시아명작의 이해,Understandings Russian Masterpieces
라틴아메리카 문학과 사회,Literature and Society of Latin America
문학과 영상,Literature and Film
스페인어권명작의 이해,Understanding of Hispanic Masterpieces
언어의 세계,World of Languages
언어의 이해,Understanding Language
알타이민족의 언어,Languages of Altaic Peoples
이중언어사용,Bilingualism
언어와 인간,Language and Humanity
그리스비극,Greek Tragedy
그리스ㆍ로마신화,Greek & Roman Mythology
고대그리스ㆍ로마문학의 세계,World of Ancient Greek & Roman Literature
동서양 명작 읽기,Reading Masterpieces of ― 31 ― Eastern and Western Literature
르네상스의 세계,Worlds of Renaissance
드라마의 이해와 감상,Understanding Drama
창작의 세계,Understanding Creative Writing
한국의 신화,Korean Mythology
한자와 동양문화,Chinese Character and Oriental Culture
중국어권의 사회와 문화,Understanding the Society and Culture of the Sinophone World
미국문화와 현대사회의 이해,Understanding American Culture and Contemporary Society
영미 문화의 이해,Understanding Anglophone Culture
상상력과 문화,Imagination and Culture
프랑스어권 문화의 이해,Understanding of the Francophone Culture
서양연극의 이해,An Introduction to Western Drama and Theater
독일어권 문화의 이해,Understanding of the Germanic Culture
러시아인의 삶과 문화,Russian Life and Culture
스페인어권 문화의 이해,Understanding of the Hispanic Culture
현대종교와 문화,Contemporary Religion and Culture
종교와 영화,Religion and Film
종교와 예술,Religion and Arts
현대문화와 기독교,Modern Culture and Christianity
예술의 가치와 비평,Art Criticism and Values of Art
예술과 사회,Art and Society
공연예술의 이해,Introduction to the Performing Arts
미술론입문,Introduction to Theory of Fine Arts
음악론입문,Introduction to Theory of Music
예술과 신화,Art and Myth
예술과 과학,Art and Science
영상예술의 이해,Introduction to Film Art
동양예술론입문,Introduction to Theory of Arts in Asia
대중예술의 이해,Understanding Popular Art
페미니즘 미학과 예술,Feminist Aesthetics and Arts
디자인과 생활,Design and Everyday Life
아시아미술의 이해,Perspectives on Asian Art
서양미술의 이해,Understanding Western Art
미술명작의 이해,Understanding Masterpieces of Art
현대미술의 이해,Understanding Contemporary Art
동시대 미술과 현장,Art and Art Scene in the Contemporary Era
음악과 사회,Music and Society
현대음악의 이해,Introduction to Modern Music
음악 속의 철학,Philosophy in Music
음악의 원리,The Elements and Structural Principles of Music
한국음악의 이해,Understanding Korean Traditional Music
서양음악의 이해,Understanding Western Music
규장각과 한국문화,The Kyujanggak Archive and Korean Culture
한국사의 새로운 해석,New Perspective on Korean Cultural History
근·현대 한국민족주의,Nationalism in Modern & Contemporary Korea
동아시아의 역사분쟁,Historical Disputes among East Asian Countries
역사와 역사 재현,History and Historical Representation
한국사,Korean History
한국의 역사가와 역사학,Historians and History of Korea
한국문화와 불교,Korean Culture and Buddhism
근대 한국의 역사와 문화,History and Culture of Modern Korea
한국현대사의 이해,Understanding Korean Contemporary History
한국고대사의 쟁점,Issues in Ancient Korean History
한국의 문화유산,Cultural Heritage of Korea
한국문화와 유교사회,Korean Culture and Confucian Society
인물로 본 한국사,Korean History Viewed through Lives of Great Figures
남북분단과 한국전쟁,Division of Korea and Korean War
조선의 역사적 성취와 유산,Historical Achievements and Legacy of the Joseon Dynasty
한국 중세의 사회와 문화,Society and Culture in Medieval Korean History
중국의 전통과 현대,Tradition and Modernity in China
동서문명의 만남과 실크로드,The Silk Road and the Confluence of Civilizations
동아시아의 왕권,Royal Authority in Traditional East Asia
이슬람 문명의 역사,History of Islamic Civilization
테마 중국사,Themes in Chinese History
역사 속의 중화와 그 이웃,China and its Neighbors in History
일본의 인물과 역사,Major Personalities in Japanese History
서양의 문화적 전통,Cultural Traditions of the West
현대서양의 형성,Modern Civilization of the West
민주주의와 시민의 역사,History of Democracy and Citizenship
사회주의의 역사,History of Socialism
기독교와 서양문명,Christianity and Western Civilization
서양문명의 역사 1: 고대에서 르네상스까지,History of Western Civilization 1: from Antiquity to the Renaissance
서양문명의 역사 2: 종교개혁에서 냉전까지,History of Western Civilization 2: from the Reformation to the Cold War
성과 사랑의 역사,History of Sexuality and Love
도시의 문화사,Cultural History of Cities
매체로 보는 서양사,Western History in the Popular Media
처음 배우는 서양사,Introduction to Western History
문명의 기원,The Origin of Civilization
인류문화의 기원,The Origins of Human Culture
고고학개론,Introduction to Archaeology
한국미술사입문,Introduction to Korean Art
동양미술사입문,Introduction to Oriental Art
서양미술사입문,Introduction to Western Art
아시아의 종교와 미술,Religion and Art in Asia
서양철학의 이해,Understanding Western Philosophy
동양철학의 이해,Understanding Asian Philosophy
현대사회와 윤리,Modern Society and Ethics
서양철학의 고전,Classics in Western Philosophy
철학개론,Introduction to Philosophy
불교철학의 이해,Understanding Buddhist Philosophy
생명의료윤리,Bio-Medical Ethics
사회철학의 이해,Understanding Social Philosophy
동양철학의 고전,Classics in Oriental Philosophy
과학과 비판적 사고,Critical Understanding of Scientific Reasoning
과학의 철학적 이해,Philosophical Understanding of Science
성의 철학과 성윤리,Philosophy of Gender and Sexual Morality
인공지능과 철학,Artificial Intelligence and Philosophy
논리학,Logic
중국고전과 중국사상,Chinese Classics and Chinese Thought
도덕적 추론,Moral Reasoning
법과 가치,Law and Values
주제어로 본 동양철학,Eastern Philosophy in Key Terms
동서양의 종교적 지혜,Religious Wisdom in East and West
성서와 기독교 사상의 이해,Understanding Bible and Christian Thought
종교 상징의 세계,Understanding Religious Symbols
종교학의 이해,Understanding Religious Studies
인간과 종교,Man and religion
신화와 역사,Myth and History
세계종교입문,Introduction to World Religions
명상과 수행,Meditation and Practice
미학과 예술론,Aesthetics and Art Theory
철학으로 예술 보기,Philosophical Perspectives on Art
자아탐색과 자아실현,Self-reflection and Self-realization
사상과 윤리,Social Thought and Ethics
인도의 전통과 현대,Tradition and Modernity in India
역사 속의 전쟁과 평화,War and Peace in History
현대정치의 이해,Introduction of Contemporary Political World
정치와 정치이념,Politics and Political Ideology
한국정치의 분석과 이해,Understanding and Analyzing Korean Politics
정치학개론,Introduction to Political Science
국제정치학입문,Introduction to International Relations
영화 속 세계정치,Politics and World Leaders on Film
지구화 시대의 공공외교,Public Diplomacy in the Age of Globalization
한반도 평화와 통일의 쟁점,Emerging Issues on Peace and Unification of the Korean Peninsula
인간생활과 경제,Human Life and Economy
현대경제의 이해,Introduction to Modern Economy
경제학개론,Introduction to Economics
남북관계와 통일의 전망,Prospects of South-North Relations and Unification
기업과 사회,Business and Society
경영학개론,Introduction to the Theory of Business
인류와 식량,Mankind and Food
현대사회와 법,Society and Law
젠더와 법,Gender and Law
시장경제와 법,Market Economy and Law
민주시민과 헌법,"Democratic Citizenship, Constitution and Civil Rights"
법학개론,Introduction to Law
예술과 지식재산,Art and Intellectual Property
범죄와 형벌,Crime and Punishment
민주시민과 기본적 인권,Democratic Citizen and Fundamental Human Right
주권국가와 국제법원,Sovereign States and International Courts
시민생활의 법적 이해,Understanding the Legal Aspects of Civic Life
국가와 시민,The State and Citizenship
북한학개론,North Korean Studies
글로벌 이슈와 윤리적 사고,Global Issues and Ethical Thinking
소비자와 시장,Consumer and the Market
현대국가와 행정,The Modern State and Public Administration
공공행정의 이해,Understanding Public Administration
정책학의 이해,Introduction to Public Policy
"인권, NGO, 세계시민사회","Human Rights, NGO, and International Community"
사회학의 이해,Invitation to Sociology
현대사회의 생로병사,"Birth, Aging, Disability, and Death in Contemporary Societies"
젠더와 범죄,Gender and Crime
인간과 문화,Man and Culture
언어와 사회,Language and Society
진화와 인간사회,Evolution and Human Society
전통과 일상의 한국문화,Tradition and Korean Culture in Everyday Life
일본대중문화,Japanese Popular Culture
문화와 질병,Culture and Illness
심리학개론,Introduction to Psychology
인간관계의 심리학,Psychology of Interpersonal Relations
굿 라이프 심리학,Psychology of Good Life
세계와 지역의 환경문제,Global and Regional Environmental Issues
공간정보와 시각화,Spatial Information and Visualization
자연환경과 인간,Natural Environment and Human
생활공간과 인간,Geographic Space and People
행복한 삶과 사회복지,Happiness and Social Welfare
복지국가의 이해,Understanding Welfare states
미디어와 현대사회,Media and Contemporary Society
인공지능과 알고리듬 사회,Artificial Intelligence and Algorithmic Society
"사랑과 일, 그리고 젠더","Love, Work and Gender"
섹슈얼리티와 성평등,Sexuality and Gender Equality
삶과 교육,Life and Education
교육의 이해,Understanding Education
부모교육,Parenting
친밀성과 가족,Intimacy and Families
정의와 법,Justice and Law
"함께 사는 법 – 노동, 복지 그리고 삶","Law for Living Together and Solidarity – Labor, Welfare and Life"
디지털시대의 영상문화와 윤리,Visual Culture and Ethics in Digital Age
문명과 수학,Mathematics in Civilization
정보사회와 수학,Mathematics in Information Age
불확실성의 수학적 이해,Mathematical Understanding of Uncertainty
불확실성의 세계와 통계학,The World of Uncertainty and Statistics
문제는 통계야 : 빅데이터 시대의 데이터 문해 력,It’s the Statistics : Data Literacy in a Big Data World
양자개념과 인류문명,Quantum Theory and Human Civilization
미시세계와 거시세계,Micro-world and Macro-world
인간과 우주,Man and the Universe
외계행성과 생명,Extraterrestrial Planets and Life
우주의 진화,Evolution of the Universe
에너지,Energy
10억불분자,A Billion Dollar Molecule
지구의 이해,The Earth: Present & Past
화산과 지진,Volcanoes and Earthquakes
자연재해의 관측과 이해,Observation and Understanding of Natural Disaster
역사속의 과학,Understanding Science in the Historical Setting
서양문명과 과학기술,Western Civilization and Science and Technology
컴퓨터과학이 여는 세계,Computational Civilization
기술과 경제,Technology and Economy
인터넷 보안과 프라이버시,Internet Security and Privacy
생활 속의 반도체,Semiconductor in Daily Life
생명의 이해,Understanding Life
인체생물학,Biology of Human Body
인간과 지구환경,Man and the Earth Environments
지구환경변화,Global Environment Change
바다과학기행,Voyage to the Sea
물의 위기,Water Crisis
생활원예,Home Horticulture
숲의 이해,Understanding Forests
삶의 혁명-생명공학,Revolution of Life Biotechnology
곤충과 인간,Insects and Humans
영양과 건강,Nutrition for Health
식생활과 환경,Food and Environment
약과 건강,Drug and Health
우리 몸의 이해,Understanding the Human Body
사람 뇌의 구조와 기능,Structure and Function of Human Brain
인간생명과학개론,Introduction to Human Life Science
참살이의학특강,Topics in Medicine for Well-being
죽음의 과학적 이해,Understanding Death: A Scientific View
비만과 건강관리,Obesity and Health
환경과 기후변화의 미래,The Future of the Environment and Climate Change
환경과 건강,Environment and Health
생활구강건강관리,Understanding Oral Health in Life
기후변화와 건강,Climate Change and Health
체육 1,Physical Education 1
체육 2,Physical Education 2
축구,Soccer
배구,Volleyball
양궁,Archery
야구,Baseball
태권도,Taekwondo
에어로빅,Aerobics
한국무용,Korean Dance
현대무용,Modern Dance
수영 1,평영
수영 2,평영
수영 3,자유형
수영 4,자유형
수영 5,접영
호신술,Martial Arts
체력단련,Weight Training
테니스초급,Beginner’s Tennis
테니스중급,Intermediate Tennis
골프초급,Beginner’s Golf
댄스스포츠,Dance Sport
농구초급,Beginner’s Basketball
배드민턴초급,Beginner’s Badminton
탁구초급,Beginner’s Table Tennis
탁구중급,Intermediate Table Tennis
건강과 삶,Health and Life
운동과 영양,Exercise and Nutrition
운동과 건강,Exercise and Health
현대사회와 스포츠,Modern Society and Sports
핸드볼,Handball
달리기와 건강,Running and Health
도예의 기초,Introduction to Ceramics
수묵화의 기초,Introduction to Sumukhua
수채화의 기초,Introduction to Watercolor
소묘의 기초,Introduction to Drawing
민화의 기초,Introduction to Minhwa
교양연주-합창,Music performance- Chorus
교양연주-색소폰 1,Music performance- Saxophone 1
교양연주-색소폰 2,Music performance- Saxophone 2
교양연주-가야금,Music performance- Gayageum
교양연주-거문고,Music Performance- Geomungo
교양연주-단소,Music performance-Danso
교양연주-해금,Music Performance- Haegeum
신입생세미나,Freshman Seminars
한국 수화 언어의 이해,Understanding Korean Sign Language
사회봉사 1,Volunteer Social Service 1
사회봉사 2,Volunteer Social Service 2
사회봉사 3,Volunteer Social Service 3
글로벌 인턴십 1,Global Internship 1
직업세계의 이해와 진로설계,Understanding of Vocational Life and Career Plan
그린리더십,Green Leadership
그린리더십 인턴십,Green Leadership Internship
지속가능한 생활디자인,Sustainable Living Design
학생자율연구 1,Undergraduate Independent Study 1
학생자율연구 2,Undergraduate Independent Study 2
학생자율세미나,Peer Group Seminar
학생자율연구: 가치탐구와 실천,Undergraduate Independent Study: Value Inquiry and Practice
관악모둠강좌,주제
관악모둠강좌: 공동체,Gwanak Omnibus Lectures: Community
독서세미나-고전에 길을 묻다,Great Books Reading Seminar
인간학 개론-나는 누구이며 어떻게 살 것인가,Human Nature and the Good Life: An Interdisciplinary Approach
융합주제강좌: 생명,Life: An Interdisciplinary Approach
융합주제강좌: 미래,Futures: An Interdisciplinary Approach
융합주제강좌: 기술혁신,Technological Innovation: An Interdisciplinary Approach
융합주제강좌: 자유와 선택,Freedom and Choice: An Interdisciplinary Approach
융합주제강좌: 과학기술과 미래,"Science, Technology and the Future: An Interdisciplinary Approach"
융합주제강좌: 인간과 동물,Human and Animal: An Interdisciplinary Approach
융합주제강좌: 권리와 의무,Rights and Responsibilities: An Interdisciplinary Approach
융합주제강좌: 기후위기와 인류,Climate Crisis and Humanity: An Interdisciplinary Approach
융합주제강좌: 공존,Coexistence: An Interdisciplinary Approach
학생제안강좌: 웃음의 이해,Understanding of Laughter: Student Proposed Course
학생제안강좌: 퀴어문학,Queer Literature: Student Proposed Course
학생제안강좌: 장애학의 이해,Understanding Disability Studies: Student Proposed Course
학생제안강좌: 연극과 감정 표현,Play and Emotional Expression : Student Proposed Course
학생제안강좌: 기하학의 그리스적 발견,The Greek Invention of Geometry: Student Proposed Course
창의와 탐구 : 해체와 재창조,Decomposition and Re-creation: Creativity and Inquiry
창의와 탐구: 창의성을 깨우는 아두이노,Arduino awakens creativity : Creativity and Inquiry
한국 경제를 위한 창의적 아이디어,Creative Ideas for Korean Economy
소그룹 고전원전읽기 1,Readings in Classics 1
소그룹 고전원전읽기 2,Readings in Classics 2
고전으로 읽는 인문학 1,Reading Classics in the Humanities 1
고전으로 읽는 인문학 2,Reading Classics in the Humanities 2
현대도시건축산책,A Glance at Korean Contemporary Urbanism and Architecture
소리의 과학과 악기제작 체험,"The Science of Sound, and Experience of Music Instrument Design and Evaluation"
창조와 디자인,Creativity and Design
테크놀러지와 예술: 전시·예술·공학,Technology and Art: Exhibit · Art · Engineering
과학기술과 대중문화,"Science, Technology and Popular Culture"
과학기술과 사회,"Science, Technology and Society"
특허와 기술창업,Patent and Technology Entrepreneurship
빅데이터의 이해,Understanding Big Data
신체활동의 이해와 실습,Understanding and Practice of Physical Activity
산과 인생,Mountain and Life
자전거와 스포츠과학,Bicycle and Sports Science
도시의 이해,Interpreting Cities
"미래의 교통, 스마트 모빌리티","Smart Mobility, The Future Transportations"
사진 속 지리여행,Geographical Understanding through Geophotos
베리타스 강좌 1: 인간과 동물,Veritas Lecture 1: Human and Animal
베리타스 강좌 1: 기후위기와 인류,Veritas Lecture 1: Climate Crisis and Humanity
베리타스 강좌 1: 자유와 정의,Veritas Lecture 1: Liberty and Justice
"베리타스 강좌 1: 아르스 롱가 - 과학, 음악, 문 학의 만남","Veritas Lecture 1: Ars Longa - Intersection of Science, Music, and Literature"
베리타스 강좌 1: 데이터로 디자인하는 리더십,Veritas Lecture 1: Leadership Designed by Data
한국의 언어,The Korean Language
한국어와 한국문화,Korean Language and Culture
동아시아의 문인문화,Literati Culture in East Asia
한국근대소설의 이해,Modern Korean Fiction
현대한국의 삶과 문화,Life in Contemporary Korea
한국문학입문,Introduction to Korean Literature
동아시아 불교문화,Buddhist Culture in East Asia
두 개의 한국: 근대한국의 역사와 사회,Two ― 38 ― Koreas: Modern Korean History and Society
한국법의 이해,Korean Law
세계음악,Music of the World
한국음악개론,Introduction to Korean Musical Culture
현대동아시아의 종교: 정체성과 갈등,Religions in Modern East Asia: Identity and Conflict
한복과 한국문화,Hanbok and Korean Culture